name,gender
ณัฐวุฒิชัย,male
ปรัชญานนท์,male
กิตติพงศ์ชัย,male
ธีรภัทรพล,male
อัครเดชภพ,male
ปวริศวัฒน์,male
ธนวัฒนชัย,male
ศุภณัฐพล,male
ภาคินวรรธน์,male
ชยพลธวัช,male
ชยพล,male
พิมลวรรณา,female
วุฒิชัย,male
กัญญารัตน์,female
กิตติพงษ์,male
ธิดารัตน์,female
ธนวัฒน์,male
ชลธิชา,female
นพดล,male
กมลพร,female
ศราวุฒิ,male
ปิยะพร,female
ปรเมศวร์,male
พรทิพย์,female
อรรถพล,male
นิศาชล,female
พีรพัฒน์,male
จิราภรณ์,female
ณัฐพล,male
สุชาดา,female
ชาญณรงค์,male
อรอุมา,female
ปรีชา,male
ธนพร,female
วิษณุ,male
ศศิพร,female
ธวัชชัย,male
ชไมพร,female
สุนทร,male
ชลธิรา,female
กิตติศักดิ์,male
วาสนา,female
วรวิทย์,male
ธนิกา,female
ธนชัย,male
กนกวรรณ,female
ณัฐวุฒิ,male
อุไรวรรณ,female
พงศกร,male
วิชญา,female
ศราวุธ,male
จิราพร,female
ณัฐวุฒิ,male
ศุภลักษณ์,female
ภานุวัฒน์,male
กาญจนา,female
อิทธิพล,male
รัชฎาภรณ์,female
ปกรณ์,male
ปาริฉัตร,female
ชยพล,male
พิมลวรรณา,female
วุฒิชัย,male
กัญญารัตน์,female
กิตติพงษ์,male
ธิดารัตน์,female
ธนวัฒน์,male
ชลธิชา,female
นพดล,male
กมลพร,female
ศราวุฒิ,male
ปิยะพร,female
ปรเมศวร์,male
พรทิพย์,female
อรรถพล,male
นิศาชล,female
พีรพัฒน์,male
จิราภรณ์,female
ณัฐพล,male
สุชาดา,femalee
พิมลวรรณา,female
ธัญญารัตน์,female
กุลธิดานันท์,female
ณัฏฐพราวดี,female
วรัญญาพร,female
พัชราภัสสร,female
นิศารัตน์พร,female
มณีวรรณา,female
จิราภัทรา,female
สุธิดาพร,female